{
  "times": [
    0.05,
    0.1505050505050505,
    0.251010101010101,
    0.3515151515151515,
    0.452020202020202,
    0.5525252525252525,
    0.6530303030303031,
    0.7535353535353535,
    0.854040404040404,
    0.9545454545454546,
    1.055050505050505,
    1.1555555555555554,
    1.256060606060606,
    1.3565656565656565,
    1.457070707070707,
    1.5575757575757576,
    1.658080808080808,
    1.7585858585858585,
    1.8590909090909091,
    1.9595959595959596,
    2.0601010101010098,
    2.16060606060606,
    2.2611111111111106,
    2.3616161616161615,
    2.462121212121212,
    2.5626262626262624,
    2.663131313131313,
    2.7636363636363632,
    2.8641414141414137,
    2.9646464646464645,
    3.065151515151515,
    3.1656565656565654,
    3.266161616161616,
    3.3666666666666663,
    3.4671717171717167,
    3.567676767676767,
    3.668181818181818,
    3.7686868686868684,
    3.869191919191919,
    3.9696969696969693,
    4.07020202020202,
    4.170707070707071,
    4.271212121212121,
    4.3717171717171714,
    4.472222222222221,
    4.572727272727272,
    4.673232323232323,
    4.773737373737373,
    4.874242424242424,
    4.974747474747474,
    5.075252525252525,
    5.175757575757575,
    5.276262626262626,
    5.376767676767677,
    5.477272727272727,
    5.5777777777777775,
    5.6782828282828275,
    5.778787878787878,
    5.879292929292929,
    5.979797979797979,
    6.08030303030303,
    6.18080808080808,
    6.281313131313131,
    6.381818181818181,
    6.482323232323232,
    6.582828282828283,
    6.683333333333333,
    6.783838383838384,
    6.8843434343434335,
    6.984848484848484,
    7.085353535353534,
    7.185858585858585,
    7.286363636363636,
    7.386868686868686,
    7.487373737373737,
    7.587878787878787,
    7.688383838383838,
    7.788888888888889,
    7.889393939393939,
    7.98989898989899,
    8.09040404040404,
    8.190909090909091,
    8.291414141414142,
    8.391919191919191,
    8.492424242424242,
    8.592929292929293,
    8.693434343434344,
    8.793939393939395,
    8.894444444444444,
    8.994949494949495,
    9.095454545454546,
    9.195959595959597,
    9.296464646464647,
    9.396969696969697,
    9.497474747474747,
    9.597979797979798,
    9.69848484848485,
    9.7989898989899,
    9.89949494949495,
    10.0
  ],
  "mag_data": [
    24.827417526488347,
    23.36568013254287,
    22.784032744489036,
    22.456724848205383,
    22.254862616831673,
    22.13050316318659,
    22.060960742999917,
    22.03365262064358,
    22.039744301025316,
    22.076401514860585,
    22.140515315340075,
    22.22975661237571,
    22.34215715087736,
    22.475224336309047,
    22.631335071599214,
    22.779727993393987,
    22.852461850608634,
    22.942271367579185,
    23.03375261021793,
    23.126924707458002,
    23.222484425226185,
    23.317939492107644,
    23.41291146321577,
    23.50649403828564,
    23.597847462196246,
    23.686416672574442,
    23.77176105372278,
    23.853561613416318,
    23.931673528341385,
    24.006075884874836,
    24.076854838566494,
    24.144184917026262,
    24.20828256712019,
    24.26943120437074,
    24.32787049514644,
    24.38390814617625,
    24.437757555761376,
    24.489665055787317,
    24.539830085331616,
    24.58839453995035,
    24.63552936837591,
    24.68132274621487,
    24.725859229899655,
    24.769226737004857,
    24.811456043686633,
    24.852586041492387,
    24.892657059068203,
    24.931675576157343,
    24.96965469426683,
    25.00661528801563,
    25.042558859484842,
    25.07748906288697,
    25.111420374009022,
    25.144361731474504,
    25.176316735262162,
    25.207298238597918,
    25.237326208173766,
    25.266412246808034,
    25.29457011512791,
    25.321822233574977,
    25.348196155287326,
    25.373710740479535,
    25.398387341446952,
    25.422254545787496,
    25.445346450369072,
    25.467688800336173,
    25.489305648250316,
    25.510226581629937,
    25.530486740257853,
    25.550118940243966,
    25.56914641568917,
    25.587594899496317,
    25.605494093050716,
    25.622877295169012,
    25.639771756027866,
    25.65619699282495,
    25.672174567599995,
    25.68772861078383,
    25.702885708529987,
    25.717668311136425,
    25.732090160420963,
    25.746165571879022,
    25.759910373581274,
    25.773341899868747,
    25.786477875066993,
    25.799329412248298,
    25.81190511528455,
    25.824214453937362,
    25.836267776669423,
    25.848076307515843,
    25.85965041952865,
    25.87099214646063,
    25.882100918210206,
    25.892976457092878,
    25.90361878527791,
    25.914028229886487,
    25.924205648974258,
    25.934155635712163,
    25.943885917065312,
    25.95340483063334
  ],
  "mag_err": [
    0.14532600206135854,
    0.07413031531809845,
    0.05671087783189615,
    0.048775843724590415,
    0.0444459654450495,
    0.04197207628740798,
    0.04064919688052835,
    0.04014119941728834,
    0.04025396652679429,
    0.040939272783141765,
    0.04216604656116784,
    0.04393505186226678,
    0.046269121217947726,
    0.04919315627723863,
    0.05285996061814007,
    0.056598564917885265,
    0.05852645119094145,
    0.060997789154812534,
    0.06362244324255995,
    0.0664117252317131,
    0.06939955823709884,
    0.07251831747984919,
    0.07576037463038159,
    0.07909674806958203,
    0.08249532035073873,
    0.08592967227119784,
    0.08937417206600222,
    0.09280516422720567,
    0.09620430944772397,
    0.09955773277882236,
    0.10285627419197631,
    0.10609546102638369,
    0.10927387256414237,
    0.11239475935264051,
    0.11546062922642855,
    0.11847901915258713,
    0.12145386283235457,
    0.12439210927711197,
    0.1272992479552322,
    0.13017833990254352,
    0.13303493280426965,
    0.13587024864178382,
    0.1386856948864257,
    0.14148329590787054,
    0.14426169467961122,
    0.1470202067724399,
    0.1497584142275801,
    0.15247369891999915,
    0.15516392602344994,
    0.15782757312102952,
    0.1604617753071735,
    0.16306382804484792,
    0.16563186641653527,
    0.1681636662794834,
    0.17065663106562537,
    0.173108928669127,
    0.17551937450702637,
    0.17788620509917663,
    0.18020790753931526,
    0.18248377967242776,
    0.1847136762772072,
    0.1868968445197544,
    0.18903285307952356,
    0.19112202139880657,
    0.19316529914740407,
    0.19516304296934192,
    0.1971155792415504,
    0.19902385645500398,
    0.2008894681436865,
    0.20271393728354875,
    0.20449801841628426,
    0.20624280222453076,
    0.20794986345229732,
    0.209621237227575,
    0.21125849040803868,
    0.212862529893803,
    0.21443453698121717,
    0.2159760246394348,
    0.21748883284049914,
    0.21897446963856107,
    0.22043363026840782,
    0.22186711455923797,
    0.2232759241627294,
    0.22466126549363818,
    0.22602443689037088,
    0.22736609526197749,
    0.2286866665126838,
    0.22998669468492636,
    0.2312668453052339,
    0.23252790695121478,
    0.2337706071653483,
    0.23499479889831537,
    0.23620006052266476,
    0.23738600534169194,
    0.238552283417387,
    0.2396985831237642,
    0.24082465717013785,
    0.24193068107996213,
    0.24301719531859017,
    0.24408482911032445
  ],
  "redshift": 0.05212231244007938,
  "best_theta_dict": {
    "log10_mass": -1.548718956582973,
    "log10_radius": 10.841075175198185,
    "log10_energy": 51.10671612333367,
    "f_nickel": 0.01086686188270878,
    "mej": 0.10115201165179785,
    "vej": 14974.982072959046,
    "kappa": 0.10600216788096976,
    "kappa_gamma": 0.010139148668896928,
    "temperature_floor": 3335.5895204505305
  },
  "mean_theta_dict": {
    "log10_mass": -1.4977142036269542,
    "log10_radius": 10.796075206903957,
    "log10_energy": 51.072098791803455,
    "f_nickel": 0.011863391380723733,
    "mej": 0.2414811962935777,
    "vej": 14858.377893694316,
    "kappa": 0.31979255241269217,
    "kappa_gamma": 0.03508014319258597,
    "temperature_floor": 2858.093064245634
  },